Year,Game #,Date,Opponent,Score BG,Score Font,Rank BG,Rank Font
2011,nc1,9/3/11,Western Michigan,,,,
2011,NC2,9/10/11,Notre Dame,,,,
2011,nc3,9/17/11,Eastern Michigan,,,,
2011,nc4,9/24/11,San Diego State,,,,
2011,g1,10/1/11,Minnesota,,,,
2011,g2,10/8/11,at Northwestern,,,,
2011,g3,10/15/11,at Michigan State,,,,
2011,g4,10/29/11,Purdue,,,,
2011,g5,11/5/11,at Iowa,,,,
2011,g6,11/12/11,at Illinois,,,,
2011,g7,11/19/11,Nebraska,,,,
2011,g8,11/26/11,Ohio State,,,,
2011,Sugar Bowl,1/3/12,vs. Virginia Tech,,,,
2012,NC1,9/1/12,vs. Alabama,,,,
2012,nc2,9/8/12,Air Force,,,,
2012,nc3,9/15/12,Massachusetts,,,,
2012,NC4,9/22/12,at Notre Dame,,,,
2012,g1,10/6/12,at Purdue,,,,
2012,g2,10/13/12,Illinois,,,,
2012,g3,10/20/12,Michigan State,,,,
2012,g4,10/27/12,at Nebraska,,,,
2012,g5,11/3/12,at Minnesota,,,,
2012,g6,11/10/12,Northwestern,,,,
2012,g7,11/17/12,Iowa,,,,
2012,g8,11/24/12,at Ohio State,,,,
2012,Outback Bowl,1/1/13,vs. South Carolina,,,,
2013,nc1,8/31/13,Central Michigan,,,,
2013,NC2,9/7/13,Notre Dame,,,,
2013,nc3,9/14/13,Akron,,,,
2013,nc4,9/21/13,at Connecticut,,,,
2013,g1,10/5/13,Minnesota,,,,
2013,g2,10/12/13,at Penn State,,,,
2013,g3,10/19/13,Indiana,,,,
2013,g4,11/2/13,at Michigan State,,,,
2013,g5,11/9/13,Nebraska,,,,
2013,g6,11/16/13,at Northwestern,,,,
2013,g7,11/23/13,at Iowa,,,,
2013,g8,11/30/13,Ohio State,,,,
2013,BWW Bowl,12/28/13,vs. Kansas State,,,,
2014,nc1,8/30/14,Appalachian State,,,,
2014,NC2,9/6/14,at Notre Dame,,,,
2014,nc3,9/13/14,Miami (OH),,,,
2014,NC4,9/20/14,Utah,,,,
2014,g1,9/27/14,Minnesota,,,,
2014,g2,10/4/14,at Rutgers,,,,
2014,g3,10/11/14,Penn State,,,,
2014,g4,10/25/14,at Michigan State,,,,
2014,g5,11/1/14,Indiana,,,,
2014,g6,11/8/14,at Northwestern,,,,
2014,g7,11/22/14,Maryland,,,,
2014,g8,11/29/14,at Ohio State,,,,
2015,NC1,9/3/15,at Utah,,,,
2015,NC2,9/12/15,Oregon State,,,,
2015,nc3,9/19/15,Unlv,,,,
2015,nc4,9/26/15,Brigham Young,,,,
2015,g1,10/3/15,at Maryland,,,,
2015,g2,10/10/15,Northwestern,,,,
2015,g3,10/17/15,Michigan State,,,,
2015,g4,10/31/15,at Minnesota,,,,
2015,g5,11/7/15,Rutgers,,,,
2015,g6,11/14/15,at Indiana,,,,
2015,g7,11/21/15,at Penn State,,,,
2015,g8,11/28/15,Ohio State,,,,
2015,Citrus Bowl,1/1/16,vs. Florida,,,,
2016,nc1,9/3/16,Hawai'i,,,,
2016,nc2,9/10/16,Central Florida,,,,
2016,NC3,9/17/16,Colorado,,,,
2016,g1,9/24/16,Penn State,,,,
2016,g2,10/1/16,Wisconsin,,,,
2016,g3,10/8/16,at Rutgers,,,,
2016,g4,10/22/16,Illinois,,,,
2016,g5,10/29/16,at Michigan State,,,,
2016,g6,11/5/16,Maryland,,,,
2016,g7,11/12/16,at Iowa,,,,
2016,g8,11/19/16,Indiana,,,,
2016,g9,11/26/16,at Ohio State,,,,
2016,Orange Bowl,12/30/16,vs. Florida State,,,,
2017,NC1,9/2/17,vs. Florida,,,,
2017,nc2,9/9/17,Cincinnati,,,,
2017,nc3,9/16/17,Air Force,,,,
2017,g1,9/23/17,at Purdue,,,,
2017,g2,10/7/17,Michigan State,,,,
2017,g3,10/14/17,at Indiana,,,,
2017,g4,10/21/17,at Penn State,,,,
2017,g5,10/28/17,Rutgers,,,,
2017,g6,11/4/17,Minnesota,,,,
2017,g7,11/11/17,at Maryland,,,,
2017,g8,11/18/17,at Wisconsin,,,,
2017,g9,11/25/17,Ohio State,,,,
2017,Outback Bowl,1/1/18,vs. South Carolina,,,,
2018,NC1,9/1/18,at Notre Dame,,,,
2018,nc2,9/8/18,Western Michigan,,,,
2018,nc3,9/15/18,Southern Methodist,,,,
2018,g1,9/22/18,Nebraska,,,,
2018,g2,9/29/18,at Northwestern,,,,
2018,g3,10/6/18,Maryland,,,,
2018,g4,10/13/18,Wisconsin,,,,
2018,g5,10/20/18,at Michigan State,,,,
2018,g6,11/3/18,Penn State,,,,
2018,g7,11/10/18,at Rutgers,,,,
2018,g8,11/17/18,Indiana,,,,
2018,g9,11/24/18,at Ohio State,,,,
2018,Peach Bowl,12/29/18,vs. Florida,,,,
2019,nc1,8/31/19,Middle Tennessee,,,,
2019,nc2,9/7/19,Army,,,,
2019,g1,9/21/19,at Wisconsin,,,,
2019,g2,9/28/19,Rutgers,,,,
2019,g3,10/5/19,Iowa,,,,
2019,g4,10/12/19,at Illinois,,,,
2019,g5,10/19/19,at Penn State,,,,
2019,NC3,10/26/19,Notre Dame,,,,
2019,g6,11/2/19,at Maryland,,,,
2019,g7,11/16/19,Michigan State,,,,
2019,g8,11/23/19,at Indiana,,,,
2019,g9,11/30/19,Ohio State,,,,
2019,Citrus Bowl,1/1/20,vs. Alabama,,,,
2020,g1,10/24/20,at Minnesota,,,,
2020,g2,10/31/20,Michigan State,,,,
2020,g3,11/7/20,at Indiana,,,,
2020,g4,11/14/20,Wisconsin,,,,
2020,g5,11/21/20,at Rutgers,,,,
2020,g6,11/28/20,Penn State,,,,
2021,nc1,9/4/21,Western Michigan,,,,
2021,NC2,9/11/21,Washington,,,,
2021,nc3,9/18/21,Northern Illinois,,,,
2021,g1,9/25/21,Rutgers,,,,
2021,g2,10/2/21,at Wisconsin,,,,
2021,g3,10/9/21,at Nebraska,,,,
2021,g4,10/23/21,Northwestern,,,,
2021,g5,10/30/21,at Michigan State,,,,
2021,g6,11/6/21,Indiana,,,,
2021,g7,11/13/21,at Penn State,,,,
2021,g8,11/20/21,at Maryland,,,,
2021,g9,11/27/21,Ohio State,,,,
2021,B1G Championship,12/4/21,vs. Iowa,,,,
2021,CFP Semis,12/31/21,vs. Georgia,,,,
2022,nc1,9/3/22,Colorado State,,,,
2022,nc2,9/10/22,Hawai'i,,,,
2022,nc3,9/17/22,Connecticut,,,,
2022,g1,9/24/22,Maryland,,,,
2022,g2,10/1/22,at Iowa,,,,
2022,g3,10/8/22,at Indiana,,,,
2022,g4,10/15/22,Penn State,,,,
2022,g5,10/29/22,Michigan State,,,,
2022,g6,11/5/22,at Rutgers,,,,
2022,g7,11/12/22,Nebraska,,,,
2022,g8,11/19/22,Illinois,,,,
2022,g9,11/26/22,at Ohio State,,,,
2022,B1G Championship,12/3/22,vs. Purdue,,,,
2022,CFP Semis,12/31/22,vs. Texas Christian,,,,
2023,nc1,9/2/23,East Carolina,blue,maize,maize,blue
2023,nc2,9/9/23,Unlv,blue,white,maize,white
2023,nc3,9/16/23,Bowling Green,blue,blue,blue,blue
2023,g1,9/23/23,Rutgers,blue,maize,maize,maize
2023,g2,9/30/23,at Nebraska,white,maize,maize,white
2023,g3,10/7/23,at Minnesota,white,white,white,white
2023,g4,10/14/23,Indiana,blue,maize,blue,maize
2023,g5,10/21/23,at Michigan State,white,blue,blue,blue
2023,g6,11/4/23,Purdue,blue,white,blue,white
2023,g7,11/11/23,at Penn State,white,maize,maize,maize
2023,g8,11/18/23,at Maryland,white,blue,blue,white
2023,g9,11/25/23,Ohio State,blue,blue,blue,blue
2023,B1G Championship,12/2/23,vs. Iowa,white,white,white,white
2023,CFP Semis,1/1/24,vs. Alabama,blue,white,maize,white
2023,CFP Final,1/8/24,vs. Washington,blue,blue,blue,blue
2024,nc1,8/31/24,Fresno State,,,,
2024,NC2,9/7/24,Texas,,,,
2024,nc3,9/14/24,Arkansas State,,,,
2024,g1,9/21/24,Southern California,,,,
2024,g2,9/28/24,Minnesota,,,,
2024,g3,10/5/24,at Washington,,,,
2024,g4,10/19/24,at Illinois,,,,
2024,g5,10/26/24,Michigan State,,,,
2024,g6,11/2/24,Oregon,,,,
2024,g7,11/9/24,at Indiana,,,,
2024,g8,11/23/24,Northwestern,,,,
2024,g9,11/30/24,at Ohio State,,,,
2024,ReliaQuest Bowl,12/31/24,vs. Alabama,,,,
2025,nc1,8/30/25,New Mexico,,,,
2025,NC2,9/6/25,at Oklahoma,,,,
2025,nc3,9/13/25,Central Michigan,,,,
2025,g1,9/20/25,at Nebraska,,,,
2025,g2,10/4/25,Wisconsin,,,,
2025,g3,10/11/25,at Southern California,,,,
2025,g4,10/18/25,Washington,,,,
2025,g5,10/25/25,at Michigan State,,,,
2025,g6,11/1/25,Purdue,,,,
2025,g7,11/15/25,at Northwestern,,,,
2025,g8,11/22/25,at Maryland,,,,
2025,g9,11/29/25,Ohio State,,,,
2025,Citrus Bowl,12/31/25,vs. Texas,,,,
2026,nc1,9/5/26,Western Michigan,,,,
2026,NC2,9/12/26,Oklahoma,,,,
2011-12,nc1,11/11/11,Ferris State,,,,
2011-12,nc2,11/14/11,Towson,,,,
2011-12,nc3,11/17/11,Western Illinois,,,,
2011-12,nc4,11/21/11,vs. Memphis,,,,
2011-12,NC5,11/22/11,vs. Duke,,,,
2011-12,NC6,11/23/11,vs. UCLA,,,,
2011-12,NC7,11/29/11,at Virginia,,,,
2011-12,NC8,12/3/11,Iowa State,,,,
2011-12,nc9,12/10/11,at Oakland,,,,
2011-12,nc10,12/13/11,Arkansas-Pine Bluff,,,,
2011-12,nc11,12/17/11,Alabama A&M,,,,
2011-12,nc12,12/22/11,Bradley,,,,
2011-12,g1,12/29/11,Penn State,,,,
2011-12,g2,1/1/12,Minnesota,,,,
2011-12,g3,1/5/12,at Indiana,,,,
2011-12,g4,1/8/12,Wisconsin,,,,
2011-12,g5,1/11/12,Northwestern,,,,
2011-12,g6,1/14/12,at Iowa,,,,
2011-12,g7,1/17/12,Michigan State,,,,
2011-12,NC13,1/21/12,at Arkansas,,,,
2011-12,g8,1/24/12,at Purdue,,,,
2011-12,g9,1/29/12,at Ohio State,,,,
2011-12,g10,2/1/12,Indiana,,,,
2011-12,g11,2/5/12,at Michigan State,,,,
2011-12,g12,2/8/12,at Nebraska,,,,
2011-12,g13,2/12/12,Illinois,,,,
2011-12,g14,2/18/12,Ohio State,,,,
2011-12,g15,2/21/12,at Northwestern,,,,
2011-12,g16,2/25/12,Purdue,,,,
2011-12,g17,3/1/12,at Illinois,,,,
2011-12,g18,3/4/12,at Penn State,,,,
2011-12,BTT Quarters,3/9/12,vs. Minnesota,,,,
2011-12,BTT Semis,3/10/12,vs. Ohio State,,,,
2011-12,NCAA Round 1,3/16/12,vs. Ohio,,,,
2012-13,nc1,11/9/12,Slippery Rock,,,,
2012-13,nc2,11/12/12,IU Indianapolis,,,,
2012-13,nc3,11/13/12,Cleveland State,,,,
2012-13,NC4,11/21/12,vs. Pittsburgh,,,,
2012-13,NC5,11/21/12,vs. Pittsburgh,,,,
2012-13,NC6,11/23/12,vs. Kansas State,,,,
2012-13,NC7,11/27/12,NC State,,,,
2012-13,nc8,12/1/12,at Bradley,,,,
2012-13,nc9,12/4/12,Western Michigan,,,,
2012-13,NC10,12/8/12,Arkansas,,,,
2012-13,nc11,12/11/12,Binghamton,,,,
2012-13,NC12,12/15/12,vs. West Virginia,,,,
2012-13,NC13,12/15/12,vs. West Virginia,,,,
2012-13,nc14,12/20/12,Eastern Michigan,,,,
2012-13,nc15,12/29/12,Central Michigan,,,,
2012-13,g1,1/3/13,at Northwestern,,,,
2012-13,g2,1/6/13,Iowa,,,,
2012-13,g3,1/9/13,Nebraska,,,,
2012-13,g4,1/13/13,at Ohio State,,,,
2012-13,g5,1/17/13,at Minnesota,,,,
2012-13,g6,1/24/13,Purdue,,,,
2012-13,g7,1/27/13,at Illinois,,,,
2012-13,g8,1/30/13,Northwestern,,,,
2012-13,g9,2/2/13,at Indiana,,,,
2012-13,g10,2/5/13,Ohio State,,,,
2012-13,g11,2/9/13,at Wisconsin,,,,
2012-13,g12,2/12/13,at Michigan State,,,,
2012-13,g13,2/17/13,Penn State,,,,
2012-13,g14,2/24/13,Illinois,,,,
2012-13,g15,2/27/13,at Penn State,,,,
2012-13,g16,3/3/13,Michigan State,,,,
2012-13,g17,3/6/13,at Purdue,,,,
2012-13,g18,3/10/13,Indiana,,,,
2012-13,BTT Round 1,3/14/13,vs. Penn State,,,,
2012-13,BTT Quarters,3/15/13,vs. Wisconsin,,,,
2012-13,NCAA Round 1,3/21/13,vs. South Dakota State,,,,
2012-13,NCAA Round 2,3/23/13,vs. VCU,,,,
2012-13,NCAA Sweet Sixteen,3/29/13,vs. Kansas,,,,
2012-13,NCAA Elite Eight,3/31/13,vs. Florida,,,,
2012-13,NCAA Final Four,4/6/13,vs. Syracuse,,,,
2012-13,NCAA Championship,4/8/13,vs. Louisville,,,,
2013-14,nc1,11/8/13,UMass Lowell,,,,
2013-14,nc2,11/12/13,South Carolina State,,,,
2013-14,NC3,11/17/13,at Iowa State,,,,
2013-14,nc4,11/21/13,vs. Long Beach State,,,,
2013-14,NC5,11/22/13,vs. Florida State,,,,
2013-14,nc6,11/24/13,vs. Charlotte,,,,
2013-14,nc7,11/29/13,Coppin State,,,,
2013-14,NC8,12/3/13,at Duke,,,,
2013-14,nc9,12/7/13,Houston Christian,,,,
2013-14,NC10,12/14/13,Arizona,,,,
2013-14,NC11,12/21/13,vs. Stanford,,,,
2013-14,nc12,12/28/13,Holy Cross,,,,
2013-14,g1,1/2/14,at Minnesota,,,,
2013-14,g2,1/5/14,Northwestern,,,,
2013-14,g3,1/9/14,at Nebraska,,,,
2013-14,g4,1/14/14,Penn State,,,,
2013-14,g5,1/18/14,at Wisconsin,,,,
2013-14,g6,1/22/14,Iowa,,,,
2013-14,g7,1/25/14,at Michigan State,,,,
2013-14,g8,1/30/14,Purdue,,,,
2013-14,g9,2/2/14,at Indiana,,,,
2013-14,g10,2/5/14,Nebraska,,,,
2013-14,g11,2/8/14,at Iowa,,,,
2013-14,g12,2/11/14,at Ohio State,,,,
2013-14,g13,2/16/14,Wisconsin,,,,
2013-14,g14,2/23/14,Michigan State,,,,
2013-14,g15,2/26/14,at Purdue,,,,
2013-14,g16,3/1/14,Minnesota,,,,
2013-14,g17,3/4/14,at Illinois,,,,
2013-14,g18,3/8/14,Indiana,,,,
2013-14,BTT Quarters,3/14/14,vs. Illinois,,,,
2013-14,BTT Semis,3/15/14,vs. Ohio State,,,,
2013-14,BTT Championship,3/16/14,vs. Michigan State,,,,
2013-14,NCAA Round 1,3/20/14,vs. Wofford,,,,
2013-14,NCAA Round 2,3/22/14,vs. Texas,,,,
2013-14,NCAA Sweet Sixteen,3/28/14,vs. Tennessee,,,,
2013-14,NCAA Elite Eight,3/30/14,vs. Kentucky,,,,
2014-15,nc1,11/15/14,Hillsdale,,,,
2014-15,nc2,11/17/14,Bucknell,,,,
2014-15,nc3,11/20/14,Detroit Mercy,,,,
2014-15,NC4,11/24/14,vs. Oregon,,,,
2014-15,NC5,11/25/14,vs. Villanova,,,,
2014-15,nc6,11/29/14,Nicholls,,,,
2014-15,NC7,12/2/14,Syracuse,,,,
2014-15,nc8,12/6/14,NJIT,,,,
2014-15,nc9,12/9/14,Eastern Michigan,,,,
2014-15,NC10,12/13/14,at Arizona,,,,
2014-15,nc11,12/20/14,Southern Methodist,,,,
2014-15,nc12,12/22/14,Coppin State,,,,
2014-15,g1,12/30/14,Illinois,,,,
2014-15,g2,1/3/15,at Purdue,,,,
2014-15,g3,1/6/15,at Penn State,,,,
2014-15,g4,1/10/15,Minnesota,,,,
2014-15,g5,1/13/15,at Ohio State,,,,
2014-15,g6,1/17/15,Northwestern,,,,
2014-15,g7,1/20/15,at Rutgers,,,,
2014-15,g8,1/24/15,Wisconsin,,,,
2014-15,g9,1/27/15,Nebraska,,,,
2014-15,g10,2/1/15,at Michigan State,,,,
2014-15,g11,2/5/15,Iowa,,,,
2014-15,g12,2/8/15,at Indiana,,,,
2014-15,g13,2/12/15,at Illinois,,,,
2014-15,g14,2/17/15,Michigan State,,,,
2014-15,g15,2/22/15,Ohio State,,,,
2014-15,g16,2/28/15,at Maryland,,,,
2014-15,g17,3/3/15,at Northwestern,,,,
2014-15,g18,3/7/15,Rutgers,,,,
2014-15,BTT Round 2,3/12/15,vs. Illinois,,,,
2014-15,BTT Quarters,3/13/15,vs. Wisconsin,,,,
2015-16,nc1,11/13/15,Northern Michigan,,,,
2015-16,nc2,11/16/15,Elon,,,,
2015-16,NC3,11/20/15,Xavier,,,,
2015-16,nc4,11/25/15,vs. Connecticut,,,,
2015-16,nc5,11/26/15,vs. Charlotte,,,,
2015-16,NC6,11/27/15,vs. Texas,,,,
2015-16,NC7,12/1/15,at NC State,,,,
2015-16,nc8,12/5/15,Houston Christian,,,,
2015-16,nc9,12/8/15,at Southern Methodist,,,,
2015-16,nc10,12/12/15,Delaware State,,,,
2015-16,nc11,12/15/15,Northern Kentucky,,,,
2015-16,nc12,12/19/15,Youngstown State,,,,
2015-16,nc13,12/23/15,Bryant,,,,
2015-16,g1,12/30/15,at Illinois,,,,
2015-16,g2,1/2/16,Penn State,,,,
2015-16,g3,1/7/16,at Purdue,,,,
2015-16,g4,1/12/16,Maryland,,,,
2015-16,g5,1/17/16,at Iowa,,,,
2015-16,g6,1/20/16,Minnesota,,,,
2015-16,g7,1/23/16,at Nebraska,,,,
2015-16,g8,1/27/16,Rutgers,,,,
2015-16,g9,1/30/16,vs. Penn State,,,,
2015-16,g10,2/2/16,Indiana,,,,
2015-16,g11,2/6/16,Michigan State,,,,
2015-16,g12,2/10/16,at Minnesota,,,,
2015-16,g13,2/13/16,Purdue,,,,
2015-16,g14,2/16/16,at Ohio State,,,,
2015-16,g15,2/21/16,at Maryland,,,,
2015-16,g16,2/24/16,Northwestern,,,,
2015-16,g17,2/28/16,at Wisconsin,,,,
2015-16,g18,3/5/16,Iowa,,,,
2015-16,BTT Round 2,3/10/16,vs. Northwestern,,,,
2015-16,BTT Quarters,3/11/16,vs. Indiana,,,,
2015-16,BTT Semis,3/12/16,vs. Purdue,,,,
2015-16,NCAA First Four,3/16/16,vs. Tulsa,,,,
2015-16,NCAA Round 1,3/18/16,vs. Notre Dame,,,,
2016-17,nc1,11/11/16,Howard,,,,
2016-17,nc2,11/13/16,IU Indianapolis,,,,
2016-17,NC3,11/17/16,vs. Marquette,,,,
2016-17,nc4,11/18/16,vs. Southern Methodist,,,,
2016-17,NC5,11/23/16,at South Carolina,,,,
2016-17,nc6,11/26/16,Mount St. Mary's,,,,
2016-17,NC7,11/30/16,Virginia Tech,,,,
2016-17,nc8,12/3/16,Kennesaw State,,,,
2016-17,NC9,12/6/16,Texas,,,,
2016-17,NC10,12/10/16,at UCLA,,,,
2016-17,nc11,12/13/16,Central Arkansas,,,,
2016-17,nc12,12/17/16,Maryland Eastern Shore,,,,
2016-17,nc13,12/22/16,Furman,,,,
2016-17,g1,1/1/17,at Iowa,,,,
2016-17,g2,1/4/17,Penn State,,,,
2016-17,g3,1/7/17,Maryland,,,,
2016-17,g4,1/11/17,at Illinois,,,,
2016-17,g5,1/14/17,Nebraska,,,,
2016-17,g6,1/17/17,at Wisconsin,,,,
2016-17,g7,1/21/17,Illinois,,,,
2016-17,g8,1/26/17,Indiana,,,,
2016-17,g9,1/29/17,at Michigan State,,,,
2016-17,g10,2/4/17,Ohio State,,,,
2016-17,g11,2/7/17,Michigan State,,,,
2016-17,g12,2/12/17,at Indiana,,,,
2016-17,g13,2/16/17,Wisconsin,,,,
2016-17,g14,2/19/17,at Minnesota,,,,
2016-17,g15,2/22/17,at Rutgers,,,,
2016-17,g16,2/25/17,Purdue,,,,
2016-17,g17,3/1/17,at Northwestern,,,,
2016-17,g18,3/5/17,at Nebraska,,,,
2016-17,BTT Round 2,3/9/17,vs. Illinois,,,,
2016-17,BTT Quarters,3/10/17,vs. Purdue,,,,
2016-17,BTT Semis,3/11/17,vs. Minnesota,,,,
2016-17,BTT Championship,3/12/17,vs. Wisconsin,,,,
2016-17,NCAA Round 1,3/17/17,vs. Oklahoma State,,,,
2016-17,NCAA Round 2,3/19/17,vs. Louisville,,,,
2016-17,NCAA Sweet Sixteen,3/23/17,vs. Oregon,,,,
2017-18,nc1,11/11/17,North Florida,,,,
2017-18,nc2,11/13/17,Central Michigan,,,,
2017-18,nc3,11/16/17,Southern Miss,,,,
2017-18,NC4,11/20/17,vs. Louisiana State,,,,
2017-18,nc5,11/21/17,vs. Chaminade,,,,
2017-18,nc6,11/22/17,vs. VCU,,,,
2017-18,nc7,11/26/17,UC Riverside,,,,
2017-18,NC8,11/29/17,at North Carolina,,,,
2017-18,g1,12/2/17,Indiana,,,,
2017-18,g2,12/4/17,at Ohio State,,,,
2017-18,NC9,12/9/17,UCLA,,,,
2017-18,NC10,12/12/17,at Texas,,,,
2017-18,nc11,12/16/17,vs. Detroit Mercy,,,,
2017-18,nc12,12/21/17,Alabama A&M,,,,
2017-18,nc13,12/30/17,Jacksonville,,,,
2017-18,g3,1/2/18,at Iowa,,,,
2017-18,g4,1/6/18,Illinois,,,,
2017-18,g5,1/9/18,Purdue,,,,
2017-18,g6,1/13/18,at Michigan State,,,,
2017-18,g7,1/15/18,Maryland,,,,
2017-18,g8,1/18/18,at Nebraska,,,,
2017-18,g9,1/21/18,Rutgers,,,,
2017-18,g10,1/25/18,at Purdue,,,,
2017-18,g11,1/29/18,Northwestern,,,,
2017-18,g12,2/3/18,Minnesota,,,,
2017-18,g13,2/6/18,at Northwestern,,,,
2017-18,g14,2/11/18,at Wisconsin,,,,
2017-18,g15,2/14/18,Iowa,,,,
2017-18,g16,2/18/18,Ohio State,,,,
2017-18,g17,2/21/18,at Penn State,,,,
2017-18,g18,2/24/18,at Maryland,,,,
2017-18,BTT Round 2,3/1/18,vs. Iowa,,,,
2017-18,BTT Quarters,3/2/18,vs. Nebraska,,,,
2017-18,BTT Semis,3/3/18,vs. Michigan State,,,,
2017-18,BTT Championship,3/4/18,vs. Purdue,,,,
2017-18,NCAA Round 1,3/15/18,vs. Montana,,,,
2017-18,NCAA Round 2,3/17/18,vs. Houston,,,,
2017-18,NCAA Sweet Sixteen,3/22/18,vs. Texas A&M,,,,
2017-18,NCAA Elite Eight,3/24/18,vs. Florida State,,,,
2017-18,NCAA Final Four,3/31/18,vs. Loyola Chicago,,,,
2017-18,NCAA Championship,4/2/18,vs. Villanova,,,,
2018-19,nc1,11/6/18,Norfolk State,,,,
2018-19,nc2,11/10/18,Holy Cross,,,,
2018-19,NC3,11/14/18,at Villanova,,,,
2018-19,nc4,11/17/18,vs. George Washington,,,,
2018-19,NC5,11/18/18,vs. Providence,,,,
2018-19,nc6,11/23/18,Chattanooga,,,,
2018-19,NC7,11/28/18,North Carolina,,,,
2018-19,g1,12/1/18,Purdue,,,,
2018-19,g2,12/4/18,at Northwestern,,,,
2018-19,NC8,12/8/18,South Carolina,,,,
2018-19,nc9,12/15/18,Western Michigan,,,,
2018-19,nc10,12/22/18,Air Force,,,,
2018-19,nc11,12/30/18,Binghamton,,,,
2018-19,g3,1/3/19,Penn State,,,,
2018-19,g4,1/6/19,Indiana,,,,
2018-19,g5,1/10/19,at Illinois,,,,
2018-19,g6,1/13/19,Northwestern,,,,
2018-19,g7,1/19/19,at Wisconsin,,,,
2018-19,g8,1/22/19,Minnesota,,,,
2018-19,g9,1/25/19,at Indiana,,,,
2018-19,g10,1/29/19,Ohio State,,,,
2018-19,g11,2/1/19,at Iowa,,,,
2018-19,g12,2/5/19,at Rutgers,,,,
2018-19,g13,2/9/19,Wisconsin,,,,
2018-19,g14,2/12/19,at Penn State,,,,
2018-19,g15,2/16/19,Maryland,,,,
2018-19,g16,2/21/19,at Minnesota,,,,
2018-19,g17,2/24/19,Michigan State,,,,
2018-19,g18,2/28/19,Nebraska,,,,
2018-19,g19,3/3/19,at Maryland,,,,
2018-19,g20,3/9/19,at Michigan State,,,,
2018-19,BTT Quarters,3/15/19,vs. Iowa,,,,
2018-19,BTT Semis,3/16/19,vs. Minnesota,,,,
2018-19,BTT Championship,3/17/19,vs. Michigan State,,,,
2018-19,NCAA Round 1,3/21/19,vs. Montana,,,,
2018-19,NCAA Round 2,3/23/19,vs. Florida,,,,
2018-19,NCAA Sweet Sixteen,3/28/19,vs. Texas Tech,,,,
2019-20,nc1,11/5/19,Appalachian State,,,,
2019-20,NC2,11/12/19,Creighton,,,,
2019-20,nc3,11/15/19,Elon,,,,
2019-20,nc4,11/22/19,Houston Christian,,,,
2019-20,NC5,11/27/19,vs. Iowa State,,,,
2019-20,NC6,11/28/19,vs. North Carolina,,,,
2019-20,nc7,11/29/19,vs. Gonzaga,,,,
2019-20,NC8,12/3/19,at Louisville,,,,
2019-20,g1,12/6/19,Iowa,,,,
2019-20,g2,12/11/19,at Illinois,,,,
2019-20,NC9,12/14/19,Oregon,,,,
2019-20,nc10,12/21/19,Presbyterian,,,,
2019-20,nc11,12/29/19,UMass Lowell,,,,
2019-20,g3,1/5/20,at Michigan State,,,,
2019-20,g4,1/9/20,Purdue,,,,
2019-20,g5,1/12/20,at Minnesota,,,,
2019-20,g6,1/17/20,at Iowa,,,,
2019-20,g7,1/22/20,Penn State,,,,
2019-20,g8,1/25/20,Illinois,,,,
2019-20,g9,1/28/20,at Nebraska,,,,
2019-20,g10,2/1/20,vs. Rutgers,,,,
2019-20,g11,2/4/20,Ohio State,,,,
2019-20,g12,2/8/20,Michigan State,,,,
2019-20,g13,2/12/20,at Northwestern,,,,
2019-20,g14,2/16/20,Indiana,,,,
2019-20,g15,2/19/20,at Rutgers,,,,
2019-20,g16,2/22/20,at Purdue,,,,
2019-20,g17,2/27/20,Wisconsin,,,,
2019-20,g18,3/1/20,at Ohio State,,,,
2019-20,g19,3/5/20,Nebraska,,,,
2019-20,g20,3/8/20,at Maryland,,,,
2020-21,nc1,11/25/20,Bowling Green,,,,
2020-21,nc2,11/29/20,Oakland,,,,
2020-21,nc3,12/2/20,Ball State,,,,
2020-21,nc4,12/6/20,Central Florida,,,,
2020-21,nc5,12/9/20,Toledo,,,,
2020-21,g1,12/13/20,Penn State,,,,
2020-21,g2,12/25/20,at Nebraska,,,,
2020-21,g3,12/31/20,at Maryland,,,,
2020-21,g4,1/3/21,Northwestern,,,,
2020-21,g5,1/6/21,Minnesota,,,,
2020-21,g6,1/12/21,Wisconsin,,,,
2020-21,g7,1/16/21,at Minnesota,,,,
2020-21,g8,1/19/21,Maryland,,,,
2020-21,g9,1/22/21,at Purdue,,,,
2020-21,g10,2/14/21,at Wisconsin,,,,
2020-21,g11,2/18/21,Rutgers,,,,
2020-21,g12,2/21/21,at Ohio State,,,,
2020-21,g13,2/25/21,Iowa,,,,
2020-21,g14,2/27/21,at Indiana,,,,
2020-21,g15,3/2/21,Illinois,,,,
2020-21,g16,3/4/21,Michigan State,,,,
2020-21,g17,3/7/21,at Michigan State,,,,
2020-21,BTT Quarters,3/12/21,vs. Maryland,,,,
2020-21,BTT Semis,3/13/21,vs. Ohio State,,,,
2020-21,NCAA Round 1,3/20/21,vs. Texas Southern,,,,
2020-21,NCAA Round 2,3/22/21,vs. Louisiana State,,,,
2020-21,NCAA Sweet Sixteen,3/28/21,vs. Florida State,,,,
2020-21,NCAA Elite Eight,3/30/21,vs. UCLA,,,,
2021-22,nc1,11/10/21,Buffalo,,,,
2021-22,nc2,11/13/21,vs. Prairie View A&M,,,,
2021-22,NC3,11/16/21,Seton Hall,,,,
2021-22,nc4,11/20/21,vs. Unlv,,,,
2021-22,NC5,11/21/21,vs. Arizona,,,,
2021-22,nc6,11/24/21,Tarleton State,,,,
2021-22,NC7,12/1/21,at North Carolina,,,,
2021-22,nc8,12/4/21,San Diego State,,,,
2021-22,g1,12/7/21,at Nebraska,,,,
2021-22,g2,12/11/21,Minnesota,,,,
2021-22,nc9,12/18/21,Southern Utah,,,,
2021-22,nc10,12/30/21,at Central Florida,,,,
2021-22,g3,1/4/22,at Rutgers,,,,
2021-22,g4,1/14/22,at Illinois,,,,
2021-22,g5,1/18/22,Maryland,,,,
2021-22,g6,1/23/22,at Indiana,,,,
2021-22,g7,1/26/22,Northwestern,,,,
2021-22,g8,1/29/22,at Michigan State,,,,
2021-22,g9,2/1/22,Nebraska,,,,
2021-22,g10,2/5/22,at Purdue,,,,
2021-22,g11,2/8/22,at Penn State,,,,
2021-22,g12,2/10/22,Purdue,,,,
2021-22,g13,2/12/22,Ohio State,,,,
2021-22,g14,2/17/22,at Iowa,,,,
2021-22,g15,2/20/22,at Wisconsin,,,,
2021-22,g16,2/23/22,Rutgers,,,,
2021-22,g17,2/27/22,Illinois,,,,
2021-22,g18,3/1/22,Michigan State,,,,
2021-22,g19,3/3/22,Iowa,,,,
2021-22,g20,3/6/22,at Ohio State,,,,
2021-22,BTT Round 2,3/10/22,vs. Indiana,,,,
2021-22,NCAA Round 1,3/17/22,vs. Colorado State,,,,
2021-22,NCAA Round 2,3/19/22,vs. Tennessee,,,,
2021-22,NCAA Sweet Sixteen,3/24/22,vs. Villanova,,,,
2022-23,nc1,11/7/22,Purdue Fort Wayne,,,,
2022-23,nc2,11/11/22,vs. Eastern Michigan,,,,
2022-23,NC3,11/16/22,vs. Pittsburgh,,,,
2022-23,NC4,11/17/22,vs. Arizona State,,,,
2022-23,nc5,11/20/22,Ohio,,,,
2022-23,nc6,11/23/22,Jackson State,,,,
2022-23,NC7,11/29/22,Virginia,,,,
2022-23,NC8,12/4/22,vs. Kentucky,,,,
2022-23,g1,12/8/22,at Minnesota,,,,
2022-23,nc9,12/17/22,Lipscomb,,,,
2022-23,NC10,12/21/22,vs. North Carolina,,,,
2022-23,nc11,12/29/22,Central Michigan,,,,
2022-23,g2,1/1/23,Maryland,,,,
2022-23,g3,1/4/23,Penn State,,,,
2022-23,g4,1/7/23,at Michigan State,,,,
2022-23,g5,1/12/23,at Iowa,,,,
2022-23,g6,1/15/23,Northwestern,,,,
2022-23,g7,1/19/23,at Maryland,,,,
2022-23,g8,1/22/23,Minnesota,,,,
2022-23,g9,1/26/23,Purdue,,,,
2022-23,g10,1/29/23,at Penn State,,,,
2022-23,g11,2/2/23,at Northwestern,,,,
2022-23,g12,2/5/23,Ohio State,,,,
2022-23,g13,2/8/23,Nebraska,,,,
2022-23,g14,2/11/23,Indiana,,,,
2022-23,g15,2/14/23,at Wisconsin,,,,
2022-23,g16,2/18/23,Michigan State,,,,
2022-23,g17,2/23/23,at Rutgers,,,,
2022-23,g18,2/26/23,Wisconsin,,,,
2022-23,g19,3/2/23,at Illinois,,,,
2022-23,g20,3/5/23,at Indiana,,,,
2022-23,BTT Round 2,3/9/23,vs. Rutgers,,,,
2022-23,NIT Round 1,3/14/23,Toledo,,,,
2022-23,NIT Round 2,3/18/23,at Vanderbilt,,,,
2023-24,nc1,11/7/23,UNC Asheville,,,,
2023-24,nc2,11/10/23,Youngstown State,,,,
2023-24,NC3,11/13/23,at St. John's,,,,
2023-24,nc4,11/17/23,Long Beach State,,,,
2023-24,nc5,11/22/23,vs. Memphis,,,,
2023-24,NC6,11/23/23,vs. Stanford,,,,
2023-24,NC7,11/24/23,vs. Texas Tech,,,,
2023-24,NC8,12/2/23,at Oregon,,,,
2023-24,g1,12/5/23,Indiana,,,,
2023-24,g2,12/10/23,at Iowa,,,,
2023-24,nc9,12/16/23,Eastern Michigan,,,,
2023-24,NC10,12/19/23,vs. Florida,,,,
2023-24,nc11,12/29/23,McNeese,,,,
2023-24,g3,1/4/24,Minnesota,,,,
2023-24,g4,1/7/24,vs. Penn State,,,,
2023-24,g5,1/11/24,at Maryland,,,,
2023-24,g6,1/15/24,Ohio State,,,,
2023-24,g7,1/18/24,Illinois,,,,
2023-24,g8,1/23/24,at Purdue,,,,
2023-24,g9,1/27/24,Iowa,,,,
2023-24,g10,1/30/24,at Michigan State,,,,
2023-24,g11,2/3/24,Rutgers,,,,
2023-24,g12,2/7/24,Wisconsin,,,,
2023-24,g13,2/10/24,at Nebraska,,,,
2023-24,g14,2/13/24,at Illinois,,,,
2023-24,g15,2/17/24,Michigan State,,,,
2023-24,g16,2/22/24,at Northwestern,,,,
2023-24,g17,2/25/24,Purdue,,,,
2023-24,g18,2/29/24,at Rutgers,,,,
2023-24,g19,3/3/24,at Ohio State,,,,
2023-24,g20,3/10/24,Nebraska,,,,
2023-24,BTT Round 1,3/13/24,vs. Penn State,,,,
2024-25,nc1,11/4/24,Cleveland State,,,,
2024-25,NC2,11/10/24,vs. Wake Forest,,,,
2024-25,NC3,11/15/24,Texas Christian,,,,
2024-25,nc4,11/18/24,Miami (OH),,,,
2024-25,nc5,11/21/24,Tarleton State,,,,
2024-25,NC6,11/25/24,vs. Virginia Tech,,,,
2024-25,NC7,11/27/24,vs. Xavier,,,,
2024-25,g1,12/3/24,at Wisconsin,,,,
2024-25,g2,12/7/24,Iowa,,,,
2024-25,NC8,12/10/24,vs. Arkansas,,,,
2024-25,NC9,12/18/24,vs. Oklahoma,,,,
2024-25,nc10,12/22/24,Purdue Fort Wayne,,,,
2024-25,nc11,12/29/24,Western Kentucky,,,,
2024-25,g3,1/4/25,at Southern California,,,,
2024-25,g4,1/7/25,at UCLA,,,,
2024-25,g5,1/12/25,Washington,,,,
2024-25,g6,1/16/25,at Minnesota,,,,
2024-25,g7,1/19/25,Northwestern,,,,
2024-25,g8,1/24/25,at Purdue,,,,
2024-25,g9,1/27/25,Penn State,,,,
2024-25,g10,2/1/25,at Rutgers,,,,
2024-25,g11,2/5/25,Oregon,,,,
2024-25,g12,2/8/25,at Indiana,,,,
2024-25,g13,2/11/25,Purdue,,,,
2024-25,g14,2/16/25,at Ohio State,,,,
2024-25,g15,2/21/25,Michigan State,,,,
2024-25,g16,2/24/25,at Nebraska,,,,
2024-25,g17,2/27/25,Rutgers,,,,
2024-25,g18,3/2/25,Illinois,,,,
2024-25,g19,3/5/25,Maryland,,,,
2024-25,g20,3/9/25,at Michigan State,,,,
2024-25,BTT Quarters,3/14/25,vs. Purdue,,,,
2024-25,BTT Semis,3/15/25,vs. Maryland,,,,
2024-25,BTT Championship,3/16/25,vs. Wisconsin,,,,
2024-25,NCAA Round 1,3/20/25,vs. UC San Diego,,,,
2024-25,NCAA Round 2,3/22/25,vs. Texas A&M,,,,
2024-25,NCAA Sweet Sixteen,3/28/25,vs. Auburn,,,,
2025-26,nc1,11/3/25,Oakland,,,,
2025-26,NC2,11/11/25,vs. Wake Forest,,,,
2025-26,NC3,11/14/25,at Texas Christian,,,,
2025-26,nc4,11/19/25,Middle Tennessee,,,,
2025-26,nc5,11/24/25,vs. San Diego State,,,,
2025-26,NC6,11/25/25,vs. Auburn,,,,
2025-26,nc7,11/26/25,vs. Gonzaga,,,,
2025-26,g1,12/6/25,Rutgers,,,,
2025-26,NC8,12/9/25,Villanova,,,,
2025-26,g2,12/13/25,at Maryland,,,,
2025-26,nc9,12/21/25,La Salle,,,,
2025-26,nc10,12/29/25,McNeese,,,,
2025-26,g3,1/2/26,Southern California,,,,
2025-26,g4,1/6/26,at Penn State,,,,
2025-26,g5,1/10/26,Wisconsin,,,,
2025-26,g6,1/14/26,at Washington,,,,
2025-26,g7,1/17/26,at Oregon,,,,
2025-26,g8,1/20/26,Indiana,,,,
2025-26,g9,1/23/26,Ohio State,,,,
2025-26,g10,1/27/26,Nebraska,,,,
2025-26,g11,1/30/26,at Michigan State,,,,
2025-26,g12,2/5/26,Penn State,,,,
2025-26,g13,2/8/26,at Ohio State,,,,
2025-26,g14,2/11/26,at Northwestern,,,,
2025-26,g15,2/14/26,UCLA,,,,
2025-26,g16,2/17/26,at Purdue,,,,
2025-26,NC11,2/21/26,vs. Duke,,,,
2025-26,g17,2/24/26,Minnesota,,,,
2025-26,g18,2/27/26,at Illinois,,,,
2025-26,g19,3/5/26,at Iowa,,,,
2025-26,g20,3/8/26,Michigan State,,,,
2025-26,BTT Quarters,3/13/26,vs. Ohio State,,,,
2025-26,BTT Semis,3/14/26,vs. Wisconsin,,,,
2025-26,BTT Championship,3/15/26,vs. Purdue,,,,
2025-26,NCAA Round 1,3/19/26,vs. Howard,,,,
2025-26,NCAA Round 2,3/21/26,vs. Saint Louis,,,,
2025-26,NCAA Sweet Sixteen,3/27/26,vs. Alabama,,,,
2025-26,NCAA Elite Eight,3/29/26,vs. Tennessee,,,,
2025-26,NCAA Final Four,4/4/26,vs. Arizona,,,,
2025-26,NCAA Championship,4/6/26,vs. Connecticut,,,,
